{
  "DataVersion": 0,
  "Entities": [
    {
    "id": "{c10be00c-dd25-4c29-a4d6-4ad42feb655b}",
    "type": "Box",
    "lastEdited": 1669126867596409,
    "name": "Dance Point",
    "position": {
        "x": 1.476272463798523,
        "y": 0,
        "z": 0.00614166259765625
    },
    "dimensions": {
        "x": 0.20000000298023224,
        "y": 0.20000000298023224,
        "z": 0.20000000298023224
    },
    "rotation": {
        "x": -0.0000457763671875,
        "y": -0.0000457763671875,
        "z": -0.0000457763671875,
        "w": 1
    },
    "registrationPoint": {
        "x": 0.5,
        "y": 1,
        "z": 0.5
    },
    "created": 1669119890365498,
    "lastEditedBy": "{538d88de-7409-4c4c-bc27-314c814b5aaf}",
    "queryAACube": {
        "x": 1.231323480606079,
        "y": -0.24494898319244385,
        "z": -0.2388073205947876,
        "scale": 0.4898979663848877
    },
    "grab": {
        "grabbable": false,
        "grabFollowsController": false,
        "equippableLeftRotation": {
            "x": -0.0000152587890625,
            "y": -0.0000152587890625,
            "z": -0.0000152587890625,
            "w": 1
        },
        "equippableRightRotation": {
            "x": -0.0000152587890625,
            "y": -0.0000152587890625,
            "z": -0.0000152587890625,
            "w": 1
        }
    },
    "damping": 0,
    "collisionless": true,
    "ignoreForCollisions": true,
    "script": "./mf3/sitClient.js",
    "serverScripts": "./mf3/sitServer.js",
    "alpha": 0,
    "shape": "Cube",
    "clientOnly": false,
    "avatarEntity": false,
    "localEntity": false,
    "faceCamera": false,
    "isFacingAvatar": false
},
    {
    "id": "{71f56799-7364-4736-9d45-08512fedc37f}",
    "type": "Box",
    "lastEdited": 1669126646497112,
    "name": "Dance Point",
    "position": {
        "x": 0,
        "y": 0.004013888072222471,
        "z": 0.0242462158203125
    },
    "dimensions": {
        "x": 0.20000000298023224,
        "y": 0.20000000298023224,
        "z": 0.20000000298023224
    },
    "rotation": {
        "x": -0.0000457763671875,
        "y": -0.0000457763671875,
        "z": -0.0000457763671875,
        "w": 1
    },
    "registrationPoint": {
        "x": 0.5,
        "y": 1,
        "z": 0.5
    },
    "created": 1669121995758521,
    "lastEditedBy": "{538d88de-7409-4c4c-bc27-314c814b5aaf}",
    "queryAACube": {
        "x": -0.24494898319244385,
        "y": -0.24093510210514069,
        "z": -0.22070276737213135,
        "scale": 0.4898979663848877
    },
    "grab": {
        "grabbable": false,
        "grabFollowsController": false,
        "equippableLeftRotation": {
            "x": -0.0000152587890625,
            "y": -0.0000152587890625,
            "z": -0.0000152587890625,
            "w": 1
        },
        "equippableRightRotation": {
            "x": -0.0000152587890625,
            "y": -0.0000152587890625,
            "z": -0.0000152587890625,
            "w": 1
        }
    },
    "damping": 0,
    "collisionless": true,
    "ignoreForCollisions": true,
    "script": "./fem6/sitClient.js",
    "scriptTimestamp": 1669122450086,
    "serverScripts": "./fem6/sitServer.js",
    "alpha": 0,
    "shape": "Cube",
    "clientOnly": false,
    "avatarEntity": false,
    "localEntity": false,
    "faceCamera": false,
    "isFacingAvatar": false
},
    {
    "id": "{a1cf714e-7470-47b6-8770-1e5cf2cb084f}",
    "type": "Box",
    "lastEdited": 1669126646498546,
    "name": "Dance Point",
    "position": {
        "x": 0.453291654586792,
        "y": 0.029195792973041534,
        "z": 0
    },
    "dimensions": {
        "x": 0.20000000298023224,
        "y": 0.20000000298023224,
        "z": 0.20000000298023224
    },
    "rotation": {
        "x": -0.0000457763671875,
        "y": -0.0000457763671875,
        "z": -0.0000457763671875,
        "w": 1
    },
    "registrationPoint": {
        "x": 0.5,
        "y": 1,
        "z": 0.5
    },
    "created": 1669119353233806,
    "lastEditedBy": "{538d88de-7409-4c4c-bc27-314c814b5aaf}",
    "queryAACube": {
        "x": 0.20834267139434814,
        "y": -0.2157531976699829,
        "z": -0.24494898319244385,
        "scale": 0.4898979663848877
    },
    "grab": {
        "grabbable": false,
        "grabFollowsController": false,
        "equippableLeftRotation": {
            "x": -0.0000152587890625,
            "y": -0.0000152587890625,
            "z": -0.0000152587890625,
            "w": 1
        },
        "equippableRightRotation": {
            "x": -0.0000152587890625,
            "y": -0.0000152587890625,
            "z": -0.0000152587890625,
            "w": 1
        }
    },
    "damping": 0,
    "collisionless": true,
    "ignoreForCollisions": true,
    "script": "./fem1/sitClient.js",
    "scriptTimestamp": 1669119419399,
    "serverScripts": "./fem1/sitServer.js",
    "alpha": 0,
    "shape": "Cube",
    "clientOnly": false,
    "avatarEntity": false,
    "localEntity": false,
    "faceCamera": false,
    "isFacingAvatar": false
},
    {
    "id": "{9a1b3ce9-372f-460e-9a54-ad17cfd982be}",
    "type": "Box",
    "lastEdited": 1669126646497763,
    "name": "Dance Point",
    "position": {
        "x": 1.49235200881958,
        "y": 0.000802852213382721,
        "z": 0.4055938720703125
    },
    "dimensions": {
        "x": 0.20000000298023224,
        "y": 0.20000000298023224,
        "z": 0.20000000298023224
    },
    "rotation": {
        "x": -0.0000457763671875,
        "y": -0.0000457763671875,
        "z": -0.0000457763671875,
        "w": 1
    },
    "registrationPoint": {
        "x": 0.5,
        "y": 1,
        "z": 0.5
    },
    "created": 1669125142832468,
    "lastEditedBy": "{538d88de-7409-4c4c-bc27-314c814b5aaf}",
    "queryAACube": {
        "x": 1.2474030256271362,
        "y": -0.24414613842964172,
        "z": 0.16064488887786865,
        "scale": 0.4898979663848877
    },
    "grab": {
        "grabbable": false,
        "grabFollowsController": false,
        "equippableLeftRotation": {
            "x": -0.0000152587890625,
            "y": -0.0000152587890625,
            "z": -0.0000152587890625,
            "w": 1
        },
        "equippableRightRotation": {
            "x": -0.0000152587890625,
            "y": -0.0000152587890625,
            "z": -0.0000152587890625,
            "w": 1
        }
    },
    "damping": 0,
    "collisionless": true,
    "ignoreForCollisions": true,
    "script": "./fem8/sitClient.js",
    "scriptTimestamp": 1669125977260,
    "serverScripts": "./fem8/sitServer.js",
    "alpha": 0,
    "shape": "Cube",
    "clientOnly": false,
    "avatarEntity": false,
    "localEntity": false,
    "faceCamera": false,
    "isFacingAvatar": false
},
    {
    "id": "{dff0a26e-c6ec-40c6-ab3f-9de154228440}",
    "type": "Box",
    "lastEdited": 1669126734277331,
    "name": "Dance Point",
    "position": {
        "x": 0.9549652338027954,
        "y": 0.01251304056495428,
        "z": 0.007598876953125
    },
    "dimensions": {
        "x": 0.20000000298023224,
        "y": 0.20000000298023224,
        "z": 0.20000000298023224
    },
    "rotation": {
        "x": -0.0000457763671875,
        "y": -0.0000457763671875,
        "z": -0.0000457763671875,
        "w": 1
    },
    "registrationPoint": {
        "x": 0.5,
        "y": 1,
        "z": 0.5
    },
    "created": 1669118667532936,
    "lastEditedBy": "{538d88de-7409-4c4c-bc27-314c814b5aaf}",
    "queryAACube": {
        "x": 0.7100162506103516,
        "y": -0.232435941696167,
        "z": -0.23735010623931885,
        "scale": 0.4898979663848877
    },
    "grab": {
        "grabbable": false,
        "grabFollowsController": false,